Dataset	Data.type	CellLine	Data.from	When	Experiment	Control.group	Treatment.group	Description	Data.Class	Path	Added.When
U937 gSTK11.UT vs gSTK11.Cytokine	RNAseq (DEG)	U937	Case study	2025-06	STK11 KO RNAseq	gSTK11.UT	gSTK11.Cytokine	A DEG analysis results from the RNAseq data of STK11 KO cells treated with or without cytokines.	B	00_Expression_data_all/STK11KO_RNAseq/DESeq2_U937_gSTK11.UT_vs_gSTK11.Cytokine_gene.tsv	2025-07-31 11:35:56.669986
U937 gNT.UT vs gSTK11.UT	RNAseq (DEG)	U937	Case study	2025-06	STK11 KO RNAseq	gNT.UT	gSTK11.UT	A DEG analysis results from the RNAseq data of STK11 KO cells treated with or without cytokines.	B	00_Expression_data_all/STK11KO_RNAseq/DESeq2_U937_gNT.UT_vs_gSTK11.UT_gene.tsv	2025-07-31 11:35:25.9292
U937 gNT.UT vs gNT.Cytokine	RNAseq (DEG)	U937	Case study	2025-06	STK11 KO RNAseq	gNT.UT	gNT.Cytokine	A DEG analysis results from the RNAseq data of STK11 KO cells treated with or without cytokines.	B	00_Expression_data_all/STK11KO_RNAseq/DESeq2_U937_gNT.UT_vs_gNT.Cytokine_gene.tsv	2025-07-31 11:35:05.437188
U937 gNT.Cytokine vs gSTK11.Cytokine	RNAseq (DEG)	U937	Case study	2025-06	STK11 KO RNAseq	gNT.Cytokine	gSTK11.Cytokine	A DEG analysis results from the RNAseq data of STK11 KO cells treated with or without cytokines.	B	00_Expression_data_all/STK11KO_RNAseq/DESeq2_U937_gNT.Cytokine_vs_gSTK11.Cytokine_gene.tsv	2025-07-31 11:34:37.132568
THP1 gSTK11.UT vs gSTK11.Cytokine	RNAseq (DEG)	THP1	Case study	2025-06	STK11 KO RNAseq	gSTK11.UT	gSTK11.Cytokine	A DEG analysis results from the RNAseq data of STK11 KO cells treated with or without cytokines.	B	00_Expression_data_all/STK11KO_RNAseq/DESeq2_THP1_gSTK11.UT_vs_gSTK11.Cytokine_gene.tsv	2025-07-31 11:34:04.46838
THP1 gNT.UT vs gSTK11.Cytokine	RNAseq (DEG)	THP1	Case study	2025-06	STK11 KO RNAseq	gNT.UT	gSTK11.Cytokine	A DEG analysis results from the RNAseq data of STK11 KO cells treated with or without cytokines.	B	00_Expression_data_all/STK11KO_RNAseq/DESeq2_THP1_gNT.UT_vs_gSTK11.UT_gene.tsv	2025-07-31 11:33:40.424596
THP1 gNT.UT vs gNT.Cytokine	RNAseq (DEG)	THP1	Case study	2025-06	STK11 KO RNAseq	gNT.UT	gNT.Cytokine	A DEG analysis results from the RNAseq data of STK11 KO cells treated with or without cytokines.	B	00_Expression_data_all/STK11KO_RNAseq/DESeq2_THP1_gNT.UT_vs_gNT.Cytokine_gene.tsv	2025-07-31 11:33:05.561477
THP1 gNT.Cytokine vs gSTK11.Cytokine	RNAseq (DEG)	THP1	Case study	2025-06	STK11 KO RNAseq	gNT.Cytokine	gSTK11.Cytokine	A DEG analysis results from the RNAseq data of STK11 KO cells treated with or without cytokines.	B	00_Expression_data_all/STK11KO_RNAseq/DESeq2_THP1_gNT.Cytokine_vs_gSTK11.Cytokine_gene.tsv	2025-07-31 11:32:27.30848
STK11 KO RNAseq (Read Count)	RNAseq (Count table)	U937/THP1	Case study	2025-06	STK11 KO RNAseq			A normalised read count from the RNAseq data of STK11 KO cells treated with or without cytokines (IFN-γ+TNF-α).	A	00_Expression_data_all/STK11KO_RNAseq/STK11KO_RNAseq_all_cnt_FeatureCounts_cpm_gene_2.tsv	2025-07-31 11:31:07.968989
U937 CXCL10 LOF screening	CRISPR screening	U937	Case study	2020-12	CXCL10 LOF screening	CXCL10 Low	CXCL10 High	CRISPR screening data to identify the regulators of CXCL10	B	00_Expression_data_all/CXCL10_LOF_CRISPR_screening/U937_CXCL10_low_vs_high.gene_summary_2.txt	2025-07-31 11:13:23.872386
THP1 treated with IFNg (Read Count)	RNAseq (Count table)	THP1	Public RNAseq	2025-06	GSE201376:IFNγ treated THP1			A normalised read count from the RNAseq data of THP1 cells treated with IFN-γ at different time points.	A	00_Expression_data_all/THP1_data_from_GSE201376/THP1_IFNg_RNAseq_all_cnt_FeatureCounts_cpm_gene_2_GSE201376.tsv	2025-07-30 16:56:34.829855
THP1 treated with IFNg (ATACseq Read Count)	ATACseq (Count table)	THP1	Public ATACseq	2025-06	GSE201376:IFNγ treated THP1			A normalised read count from the ATACseq data of THP1 cells treated with IFN-γ at different time points. 	A	00_Expression_data_all/THP1_data_from_GSE201376/THP1_IFNg_ATAC_count_peak.tsv	2025-07-30 09:32:56.713707
THP1 IFNg 0h Rep1 (bam)	bam	THP1	Public ATACseq	2025-06	GSE201376:IFNγ treated THP1			A bam file from the ATACseq data of untreated THP1 cells.	F	00_Expression_data_all/THP1_data_from_GSE201376/THP1_LPS.IFNg.0h_Rep1_sort_by_coordinate_dup.bam	2025-07-11 11:35:56.669986
THP1 IFNg 1h Rep1 (bam)	bam	THP1	Public ATACseq	2025-06	GSE201376:IFNγ treated THP1			A bam file from the ATACseq data of THP1 cells treated with IFN-γ for 1h.	F	00_Expression_data_all/THP1_data_from_GSE201376/THP1_LPS.IFNg.1h_Rep1_sort_by_coordinate_dup.bam	2025-07-11 11:31:56.669986
THP1 IFNg 2h Rep1 (bam)	bam	THP1	Public ATACseq	2025-06	GSE201376:IFNγ treated THP1			A bam file from the ATACseq data of THP1 cells treated with IFN-γ for 2h.	F	00_Expression_data_all/THP1_data_from_GSE201376/THP1_LPS.IFNg.2h_Rep1_sort_by_coordinate_dup.bam	2025-07-11 11:29:56.669986
THP1 IFNg 4h Rep1 (bam)	bam	THP1	Public ATACseq	2025-06	GSE201376:IFNγ treated THP1			A bam file from the ATACseq data of THP1 cells treated with IFN-γ for 4h.	F	00_Expression_data_all/THP1_data_from_GSE201376/THP1_LPS.IFNg.4h_Rep1_sort_by_coordinate_dup.bam	2025-07-11 11:27:56.669986
THP1 IFNg 6h Rep1 (bam)	bam	THP1	Public ATACseq	2025-06	GSE201376:IFNγ treated THP1			A bam file from the ATACseq data of THP1 cells treated with IFN-γ for 6h.	F	00_Expression_data_all/THP1_data_from_GSE201376/THP1_LPS.IFNg.6h_Rep1_sort_by_coordinate_dup.bam	2025-07-11 11:25:56.669986
THP1 IFNg 24h Rep1 (bam)	bam	THP1	Public ATACseq	2025-06	GSE201376:IFNγ treated THP1			A bam file from the ATACseq data of THP1 cells treated with IFN-γ for 24h.	F	00_Expression_data_all/THP1_data_from_GSE201376/THP1_LPS.IFNg.24h_Rep1_sort_by_coordinate_dup.bam	2025-07-11 11:23:56.669986
THP1 IFNg 0h Rep1 (bw) 	bigwig	THP1	Public ATACseq	2025-06	GSE201376:IFNγ treated THP1			A bigwig file from the ATACseq data of untreated THP1 cells.	E	00_Expression_data_all/THP1_data_from_GSE201376/THP1_LPS.IFNg.0h_Rep1.bw	2025-06-24 11:35:56.669986
THP1 IFNg 0h Rep2 (bw) 	bigwig	THP1	Public ATACseq	2025-06	GSE201376:IFNγ treated THP1			A bigwig file from the ATACseq data of untreated THP1 cells.	E	00_Expression_data_all/THP1_data_from_GSE201376/THP1_LPS.IFNg.0h_Rep2.bw	2025-06-24 11:35:56.669986
THP1 IFNg 1h Rep1 (bw) 	bigwig	THP1	Public ATACseq	2025-06	GSE201376:IFNγ treated THP1			A bigwig file from the ATACseq data of THP1 cells treated with IFN-γ for 1h.	E	00_Expression_data_all/THP1_data_from_GSE201376/THP1_LPS.IFNg.1h_Rep1.bw	2025-06-24 11:35:56.669986
THP1 IFNg 1h Rep2 (bw) 	bigwig	THP1	Public ATACseq	2025-06	GSE201376:IFNγ treated THP1			A bigwig file from the ATACseq data of THP1 cells treated with IFN-γ for 1h.	E	00_Expression_data_all/THP1_data_from_GSE201376/THP1_LPS.IFNg.1h_Rep2.bw	2025-06-24 11:35:56.669986
THP1 IFNg 2h Rep1 (bw) 	bigwig	THP1	Public ATACseq	2025-06	GSE201376:IFNγ treated THP1			A bigwig file from the ATACseq data of THP1 cells treated with IFN-γ for 2h.	E	00_Expression_data_all/THP1_data_from_GSE201376/THP1_LPS.IFNg.2h_Rep1.bw	2025-06-24 11:35:56.669986
THP1 IFNg 2h Rep2 (bw) 	bigwig	THP1	Public ATACseq	2025-06	GSE201376:IFNγ treated THP1			A bigwig file from the ATACseq data of THP1 cells treated with IFN-γ for 2h.	E	00_Expression_data_all/THP1_data_from_GSE201376/THP1_LPS.IFNg.2h_Rep2.bw	2025-06-24 11:35:56.669986
THP1 IFNg 4h Rep1 (bw) 	bigwig	THP1	Public ATACseq	2025-06	GSE201376:IFNγ treated THP1			A bigwig file from the ATACseq data of THP1 cells treated with IFN-γ for 4h.	E	00_Expression_data_all/THP1_data_from_GSE201376/THP1_LPS.IFNg.4h_Rep1.bw	2025-06-24 11:35:56.669986
THP1 IFNg 4h Rep2 (bw) 	bigwig	THP1	Public ATACseq	2025-06	GSE201376:IFNγ treated THP1			A bigwig file from the ATACseq data of THP1 cells treated with IFN-γ for 4h.	E	00_Expression_data_all/THP1_data_from_GSE201376/THP1_LPS.IFNg.4h_Rep2.bw	2025-06-24 11:35:56.669986
THP1 IFNg 6h Rep1 (bw) 	bigwig	THP1	Public ATACseq	2025-06	GSE201376:IFNγ treated THP1			A bigwig file from the ATACseq data of THP1 cells treated with IFN-γ for 6h.	E	00_Expression_data_all/THP1_data_from_GSE201376/THP1_LPS.IFNg.6h_Rep1.bw	2025-06-24 11:35:56.669986
THP1 IFNg 6h Rep2 (bw) 	bigwig	THP1	Public ATACseq	2025-06	GSE201376:IFNγ treated THP1			A bigwig file from the ATACseq data of THP1 cells treated with IFN-γ for 6h.	E	00_Expression_data_all/THP1_data_from_GSE201376/THP1_LPS.IFNg.6h_Rep2.bw	2025-06-24 11:35:56.669986
THP1 IFNg 24h Rep1 (bw) 	bigwig	THP1	Public ATACseq	2025-06	GSE201376:IFNγ treated THP1			A bigwig file from the ATACseq data of THP1 cells treated with IFN-γ for 24h.	E	00_Expression_data_all/THP1_data_from_GSE201376/THP1_LPS.IFNg.24h_Rep1.bw	2025-06-24 11:35:56.669986
THP1 IFNg 24h Rep2 (bw) 	bigwig	THP1	Public ATACseq	2025-06	GSE201376:IFNγ treated THP1			A bigwig file from the ATACseq data of THP1 cells treated with IFN-γ for 24h.	E	00_Expression_data_all/THP1_data_from_GSE201376/THP1_LPS.IFNg.24h_Rep2.bw	2025-06-24 11:35:56.669986
THP1 IFNg 0h Rep1	NarrowPeak	THP1	Public ATACseq	2025-06	GSE201376:IFNγ treated THP1			A bed file from the ATACseq data of untreated THP1 cells.	D	00_Expression_data_all/THP1_data_from_GSE201376/THP1_LPS.IFNg.0h_Rep1.narrowPeak	2025-06-24 11:35:56.669986
THP1 IFNg 0h Rep2	NarrowPeak	THP1	Public ATACseq	2025-06	GSE201376:IFNγ treated THP1			A bed file from the ATACseq data of untreated THP1 cells.	D	00_Expression_data_all/THP1_data_from_GSE201376/THP1_LPS.IFNg.0h_Rep2.narrowPeak	2025-06-24 11:35:56.669986
THP1 IFNg 1h Rep1	NarrowPeak	THP1	Public ATACseq	2025-06	GSE201376:IFNγ treated THP1			A bed file from the ATACseq data of THP1 cells treated with IFN-γ for 1h.	D	00_Expression_data_all/THP1_data_from_GSE201376/THP1_LPS.IFNg.1.5h_Rep1.narrowPeak	2025-06-24 11:35:56.669986
THP1 IFNg 1h Rep2	NarrowPeak	THP1	Public ATACseq	2025-06	GSE201376:IFNγ treated THP1			A bed file from the ATACseq data of THP1 cells treated with IFN-γ for 1h.	D	00_Expression_data_all/THP1_data_from_GSE201376/THP1_LPS.IFNg.1.5h_Rep2.narrowPeak	2025-06-24 11:35:56.669986
THP1 IFNg 2h Rep1	NarrowPeak	THP1	Public ATACseq	2025-06	GSE201376:IFNγ treated THP1			A bed file from the ATACseq data of THP1 cells treated with IFN-γ for 2h.	D	00_Expression_data_all/THP1_data_from_GSE201376/THP1_LPS.IFNg.24h_Rep1.narrowPeak	2025-06-24 11:35:56.669986
THP1 IFNg 2h Rep2	NarrowPeak	THP1	Public ATACseq	2025-06	GSE201376:IFNγ treated THP1			A bed file from the ATACseq data of THP1 cells treated with IFN-γ for 2h.	D	00_Expression_data_all/THP1_data_from_GSE201376/THP1_LPS.IFNg.24h_Rep2.narrowPeak	2025-06-24 11:35:56.669986
THP1 IFNg 4h Rep1	NarrowPeak	THP1	Public ATACseq	2025-06	GSE201376:IFNγ treated THP1			A bed file from the ATACseq data of THP1 cells treated with IFN-γ for 4h.	D	00_Expression_data_all/THP1_data_from_GSE201376/THP1_LPS.IFNg.2h_Rep1.narrowPeak	2025-06-24 11:35:56.669986
THP1 IFNg 4h Rep2	NarrowPeak	THP1	Public ATACseq	2025-06	GSE201376:IFNγ treated THP1			A bed file from the ATACseq data of THP1 cells treated with IFN-γ for 4h.	D	00_Expression_data_all/THP1_data_from_GSE201376/THP1_LPS.IFNg.2h_Rep2.narrowPeak	2025-06-24 11:35:56.669986
THP1 IFNg 6h Rep1	NarrowPeak	THP1	Public ATACseq	2025-06	GSE201376:IFNγ treated THP1			A bed file from the ATACseq data of THP1 cells treated with IFN-γ for 6h.	D	00_Expression_data_all/THP1_data_from_GSE201376/THP1_LPS.IFNg.4h_Rep1.narrowPeak	2025-06-24 11:35:56.669986
THP1 IFNg 6h Rep2	NarrowPeak	THP1	Public ATACseq	2025-06	GSE201376:IFNγ treated THP1			A bed file from the ATACseq data of THP1 cells treated with IFN-γ for 6h.	D	00_Expression_data_all/THP1_data_from_GSE201376/THP1_LPS.IFNg.4h_Rep2.narrowPeak	2025-06-24 11:35:56.669986
THP1 IFNg 24h Rep1	NarrowPeak	THP1	Public ATACseq	2025-06	GSE201376:IFNγ treated THP1			A bed file from the ATACseq data of THP1 cells treated with IFN-γ for 24h.	D	00_Expression_data_all/THP1_data_from_GSE201376/THP1_LPS.IFNg.6h_Rep1.narrowPeak	2025-06-24 11:35:56.669986
THP1 IFNg 24h Rep2	NarrowPeak	THP1	Public ATACseq	2025-06	GSE201376:IFNγ treated THP1			A bed file from the ATACseq data of THP1 cells treated with IFN-γ for 24h.	D	00_Expression_data_all/THP1_data_from_GSE201376/THP1_LPS.IFNg.6h_Rep2.narrowPeak	2025-06-24 11:35:56.669986
AML scRNA	scRNA	Human AML patients	Public scRNAseq	Analysed 2025-05	GSE116256:AML 			Bone marrow aspirates of five healthy control donors, 16 AML patients at diagnosis, and 19 matched samples during treatment. 	C	00_Expression_data_all/scRNA_data/Seurat_obj_GSE116256_AML.rds	2025-05-06 10:37:50.895309
Lung scRNA	scRNA	Human Lung cancer patients	Public scRNAseq	Analysed 2025-05	GSE148071:NSCLC			scRNA-seq data of entire tumours from 42 NSCLC patients(GSE148071).	C	00_Expression_data_all/scRNA_data/Seurat_obj_GSE148071_Lung.rds	2025-05-05 10:37:50.895309
